,Original ID,School,"City, State",From,To,Yrs,G,W,L,W-L%,SRS,SOS,AP,CREG,CTRN,NCAA,FF,NC,states
0,191,Kentucky Wildcats,"Lexington, Kentucky",1903,2020,117,3034,2320,713,0.765,17.67,6.71,52,55,33,59,17,8,Kentucky
1,279,North Carolina Tar Heels,"Chapel Hill, North Carolina",1911,2020,110,3093,2275,818,0.736,15.76,6.91,51,39,26,50,20,6,North Carolina
2,424,UCLA Bruins,"Los Angeles, California",1920,2020,101,2777,1909,868,0.687,15.48,6.91,41,31,4,49,18,11,California
3,186,Kansas Jayhawks,"Lawrence, Kansas",1899,2020,122,3164,2302,862,0.728,15.74,7.14,44,61,15,48,15,3,Kansas
4,112,Duke Blue Devils,"Durham, North Carolina",1906,2020,115,3094,2201,893,0.711,16.24,6.67,48,22,26,43,16,5,North Carolina
5,209,Louisville Cardinals,"Louisville, Kentucky",1912,2020,106,2805,1869,936,0.666,13.52,6.49,34,23,17,43,10,3,Kentucky
6,394,Syracuse Orange,"Syracuse, New York",1899,2020,120,2949,2026,922,0.687,9.66,3.91,30,10,5,40,6,1,New York
7,174,Indiana Hoosiers,"Bloomington, Indiana",1901,2020,120,2918,1853,1065,0.635,13.91,8.1,28,22,0,39,8,5,Indiana
8,434,Villanova Wildcats,"Villanova, Pennsylvania",1921,2020,100,2745,1803,942,0.657,10.25,5.68,23,12,7,39,6,3,Pennsylvania
9,298,Notre Dame Fighting Irish,"Notre Dame, Indiana",1897,2020,116,2944,1902,1041,0.646,10.07,5.72,25,1,1,36,1,0,Indiana
10,15,Arizona Wildcats,"Tucson, Arizona",1905,2020,113,2754,1808,945,0.657,8.92,5.03,27,24,7,35,4,1,Arizona
11,403,Texas Longhorns,"Austin, Texas",1906,2020,114,2906,1808,1098,0.622,6.25,3.65,11,25,2,34,3,0,Texas
12,77,Cincinnati Bearcats,"Cincinnati, Ohio",1902,2020,119,2861,1835,1026,0.641,11.68,5.02,25,24,12,33,6,2,Ohio
13,220,Marquette Golden Eagles,"Milwaukee, Wisconsin",1917,2020,103,2670,1651,1019,0.618,9.01,4.7,22,3,1,33,3,1,Wisconsin
14,235,Michigan State Spartans,"East Lansing, Michigan",1899,2020,121,2840,1739,1101,0.612,11.71,7.69,24,15,6,33,10,2,Michigan
15,302,Ohio State Buckeyes,"Columbus, Ohio",1899,2020,121,2917,1789,1128,0.613,11.77,7.4,22,22,5,33,11,1,Ohio
16,395,Temple Owls,"Philadelphia, Pennsylvania",1895,2020,124,3036,1940,1096,0.639,6.42,2.6,9,20,10,33,2,0,Pennsylvania
17,16,Arkansas Razorbacks,"Fayetteville, Arkansas",1924,2020,97,2675,1708,967,0.639,7.52,3.09,16,26,7,32,6,1,Arkansas
18,92,Connecticut Huskies,"Storrs, Connecticut",1901,2020,114,2644,1675,969,0.634,6.39,0.96,16,27,8,32,5,4,Connecticut
19,305,Oklahoma Sooners,"Norman, Oklahoma",1908,2020,113,2799,1704,1095,0.609,9.59,6.46,19,14,7,32,5,0,Oklahoma
20,187,Kansas State Wildcats,"Manhattan, Kansas",1906,2020,115,2843,1668,1175,0.587,10.35,6.29,16,19,2,31,4,0,Kansas
21,326,Purdue Boilermakers,"West Lafayette, Indiana",1897,2020,122,2872,1837,1035,0.64,11.83,7.64,22,24,1,31,2,0,Indiana
22,140,Georgetown Hoyas,"Washington, D.C.",1907,2020,112,2757,1687,1070,0.612,6.76,3.87,20,11,7,30,5,1,D.C.
23,169,Illinois Fighting Illini,"Champaign, Illinois",1906,2020,115,2833,1809,1024,0.639,12.8,7.68,26,17,2,30,5,0,Illinois
24,384,St. John's (NY) Red Storm,"Queens, New York",1908,2020,113,2962,1917,1045,0.647,8.43,5.03,15,14,3,30,2,0,New York
25,42,Brigham Young Cougars,"Provo, Utah",1903,2020,118,2956,1853,1103,0.627,7.69,3.58,10,25,3,29,0,0,Utah
26,236,Michigan Wolverines,"Ann Arbor, Michigan",1918,2020,103,2686,1635,1051,0.609,10.8,7.74,22,14,3,29,8,1,Michigan
27,428,Utah Utes,"Salt Lake City, Utah",1909,2020,112,2854,1835,1019,0.643,8.14,3.64,21,30,5,29,4,1,Utah
28,454,West Virginia Mountaineers,"Morgantown, West Virginia",1904,2020,111,2902,1792,1110,0.618,7.22,2.63,17,16,13,29,2,0,West Virginia
29,222,Maryland Terrapins,"College Park, Maryland",1924,2020,97,2629,1587,1042,0.604,10.06,5.3,23,6,4,28,2,1,Maryland
30,306,Oklahoma State Cowboys,"Stillwater, Oklahoma",1908,2020,111,2869,1678,1191,0.585,8.7,5.77,18,19,4,28,6,2,Oklahoma
31,478,Xavier Musketeers,"Cincinnati, Ohio",1920,2020,99,2527,1509,1018,0.597,5.68,3.72,12,18,9,28,0,0,Ohio
32,247,Missouri Tigers,"Columbia, Missouri",1907,2020,114,2837,1655,1182,0.583,8.75,6.07,14,15,8,27,0,0,Missouri
33,278,North Carolina State Wolfpack,"Raleigh, North Carolina",1913,2020,108,2837,1757,1080,0.619,10.98,5.9,17,13,17,27,3,2,North Carolina
34,177,Iowa Hawkeyes,"Iowa City, Iowa",1893,2020,123,2858,1673,1184,0.586,11.19,7.37,18,8,2,26,3,0,Iowa
35,318,Pittsburgh Panthers,"Pittsburgh, Pennsylvania",1906,2020,113,2819,1631,1188,0.579,5.2,4.15,13,11,4,26,1,0,Pennsylvania
36,229,Memphis Tigers,"Memphis, Tennessee",1956,2020,65,1976,1319,657,0.668,8.66,3.63,16,18,11,25,3,0,Tennessee
37,267,New Mexico State Aggies,"Las Cruces, New Mexico",1905,2020,110,2645,1564,1079,0.592,1.29,-0.31,5,19,12,25,1,0,New Mexico
38,324,Princeton Tigers,"Princeton, New Jersey",1901,2020,120,2865,1761,1103,0.615,1.38,-3.57,4,30,1,25,1,0,New Jersey
39,314,Pennsylvania Quakers,"Philadelphia, Pennsylvania",1897,2020,119,2922,1801,1120,0.617,0.16,-3,6,38,1,24,1,0,Pennsylvania
40,469,Wisconsin Badgers,"Madison, Wisconsin",1899,2020,122,2859,1635,1224,0.572,8.62,7.75,16,18,3,24,4,1,Wisconsin
41,435,Virginia Cavaliers,"Charlottesville, Virginia",1906,2020,115,2831,1655,1175,0.585,6.83,5.53,13,10,3,23,3,1,Virginia
42,441,Wake Forest Demon Deacons,"Winston-Salem, North Carolina",1906,2020,114,2804,1550,1254,0.553,8.01,6.2,17,4,5,23,1,0,North Carolina
43,458,Western Kentucky Hilltoppers,"Bowling Green, Kentucky",1922,2020,99,2747,1812,935,0.66,3.33,-0.13,11,28,19,23,1,0,Kentucky
44,106,DePaul Blue Demons,"Chicago, Illinois",1924,2020,97,2523,1483,1040,0.588,6.16,5.89,12,2,0,22,2,0,Illinois
45,128,Florida Gators,"Gainesville, Florida",1921,2020,99,2579,1451,1127,0.563,7.91,4.94,15,9,4,22,5,2,Florida
46,146,Gonzaga Bulldogs,"Spokane, Washington",1944,2020,69,2038,1336,702,0.656,3.27,-0.28,12,24,17,22,1,0,Washington
47,206,Louisiana State Fighting Tigers,"Baton Rouge, Louisiana",1909,2020,112,2779,1583,1196,0.57,5.62,4.43,13,12,1,22,4,0,Louisiana
48,398,Tennessee Volunteers,"Knoxville, Tennessee",1909,2020,111,2740,1673,1065,0.611,8.42,5.18,13,13,4,22,0,0,Tennessee
49,5,Alabama Crimson Tide,"Tuscaloosa, Alabama",1913,2020,107,2756,1693,1062,0.615,7.27,4.58,15,10,7,21,0,0,Alabama
50,96,Creighton Bluejays,"Omaha, Nebraska",1912,2020,100,2613,1586,1027,0.607,3.75,3.37,4,15,12,21,0,0,Nebraska
51,165,Houston Cougars,"Houston, Texas",1951,2020,70,2070,1247,823,0.602,5.7,2.74,9,5,6,21,5,0,Texas
52,345,Saint Joseph's Hawks,"Philadelphia, Pennsylvania",1910,2020,111,2806,1652,1154,0.589,3.86,1.84,6,20,6,21,1,0,Pennsylvania
53,427,Utah State Aggies,"Logan, Utah",1904,2020,115,2757,1630,1127,0.591,3.85,0.92,5,16,9,21,0,0,Utah
54,178,Iowa State Cyclones,"Ames, Iowa",1908,2020,113,2729,1386,1343,0.508,6.8,6.35,10,6,6,20,1,0,Iowa
55,264,Nevada-Las Vegas Rebels,"Las Vegas, Nevada",1970,2020,51,1609,1117,492,0.694,9.41,3.23,16,13,11,20,4,1,Nevada
56,325,Providence Friars,"Providence, Rhode Island",1929,2020,71,2052,1254,798,0.611,7.52,4.34,6,0,2,20,2,0,Rhode Island
57,426,University of California Golden Bears,"Berkeley, California",1908,2020,111,2835,1635,1200,0.577,7.09,6.06,5,14,0,19,3,1,California
58,37,Boston College Eagles,"Chestnut Hill, Massachusetts",1946,2020,75,2114,1156,958,0.547,3.13,3.16,8,6,2,18,0,0,Massachusetts
59,101,Dayton Flyers,"Dayton, Ohio",1904,2020,115,2794,1674,1120,0.599,6.98,3.18,7,5,2,18,1,0,Ohio
60,372,Southern California Trojans,"Los Angeles, California",1907,2020,114,2863,1641,1222,0.573,7.88,6.2,9,7,1,18,2,0,California
61,131,Florida State Seminoles,"Tallahassee, Florida",1957,2020,64,1892,1128,764,0.596,7.54,4.92,10,2,2,17,1,0,Florida
62,234,Miami (OH) RedHawks,"Oxford, Ohio",1906,2020,115,2616,1401,1215,0.536,2.15,0.94,1,18,4,17,0,0,Ohio
63,258,Murray State Racers,"Murray, Kentucky",1954,2020,67,1919,1220,699,0.636,-0.54,-3.21,2,27,16,17,0,0,Kentucky
64,311,Oregon State Beavers,"Corvallis, Oregon",1902,2020,119,3131,1778,1353,0.568,6.13,5.53,8,12,0,17,2,0,Oregon
65,387,Stanford Cardinal,"Stanford, California",1914,2020,105,2724,1549,1175,0.569,7.89,6.09,10,11,1,17,2,1,California
66,406,Texas Tech Red Raiders,"Lubbock, Texas",1926,2020,92,2481,1392,1089,0.561,4.35,2.6,6,13,5,17,1,0,Texas
67,409,Texas-El Paso Miners,"El Paso, Texas",1923,2020,92,2370,1352,1018,0.57,2.75,0.71,4,11,5,17,1,1,Texas
68,436,Virginia Commonwealth Rams,"Richmond, Virginia",1974,2020,47,1448,936,512,0.646,5.26,0.68,3,11,9,17,1,0,Virginia
69,447,Washington Huskies,"Seattle, Washington",1896,2020,119,3015,1812,1203,0.601,7.5,6.03,8,12,3,17,1,0,Washington
70,14,Arizona State Sun Devils,"Tempe, Arizona",1912,2020,105,2570,1368,1202,0.532,4.94,3.91,7,8,0,16,0,0,Arizona
71,48,Butler Bulldogs,"Indianapolis, Indiana",1897,2020,122,2773,1619,1154,0.584,1.87,3.14,7,13,7,16,2,0,Indiana
72,144,Georgia Tech Yellow Jackets,"Atlanta, Georgia",1920,2020,101,2626,1383,1243,0.527,5.57,5.15,8,3,4,16,2,0,Georgia
73,310,Oregon Ducks,"Eugene, Oregon",1903,2020,115,3062,1691,1371,0.552,6.06,5.8,5,6,5,16,2,1,Oregon
74,353,San Francisco Dons,"San Francisco, California",1924,2020,93,2431,1408,1023,0.579,2.37,0.63,9,15,1,16,3,2,California
75,418,Tulsa Golden Hurricane,"Tulsa, Oklahoma",1914,2020,107,2639,1471,1168,0.557,5.07,3.2,5,10,6,16,0,0,Oklahoma
76,450,Weber State Wildcats,"Ogden, Utah",1964,2020,57,1680,1051,629,0.626,0.22,-2.58,1,22,10,16,0,0,Utah
77,7,Alabama-Birmingham Blazers,"Birmingham, Alabama",1980,2020,41,1320,820,500,0.621,6.37,2.62,2,7,5,15,0,0,Alabama
78,266,New Mexico Lobos,"Albuquerque, New Mexico",1900,2020,114,2617,1516,1101,0.579,3.99,2.21,11,12,6,15,0,0,New Mexico
79,432,Vanderbilt Commodores,"Nashville, Tennessee",1901,2020,118,2804,1617,1187,0.577,8.27,4.94,11,3,3,15,0,0,Tennessee
80,464,Wichita State Shockers,"Wichita, Kansas",1906,2020,113,2820,1609,1211,0.571,6.06,3.27,8,11,4,15,2,0,Kansas
81,477,Wyoming Cowboys,"Laramie, Wyoming",1905,2020,115,2754,1546,1208,0.561,2.7,2.71,4,21,3,15,1,1,Wyoming
82,86,Colorado Buffaloes,"Boulder, Colorado",1902,2020,117,2561,1338,1223,0.522,5.09,5.93,5,19,1,14,2,0,Colorado
83,100,Davidson Wildcats,"Davidson, North Carolina",1909,2020,111,2709,1477,1232,0.545,-2.97,-2.96,6,24,13,14,0,0,North Carolina
84,176,Iona Gaels,"New Rochelle, New York",1954,2020,67,1849,1035,814,0.56,-4.14,-3.57,1,11,12,14,0,0,New York
85,242,Minnesota Golden Gophers,"Minneapolis, Minnesota",1896,2020,125,2898,1663,1233,0.574,9.77,7.61,10,9,0,14,1,0,Minnesota
86,400,Texas A&M Aggies,"College Station, Texas",1913,2020,108,2729,1440,1289,0.528,2.44,2.5,4,12,2,14,0,0,Texas
87,162,Holy Cross Crusaders,"Worcester, Massachusetts",1901,2020,100,2438,1415,1023,0.58,-2.07,-3.87,6,6,7,13,2,1,Massachusetts
88,301,Ohio Bobcats,"Athens, Ohio",1908,2020,113,2717,1547,1170,0.569,0.47,-0.17,0,10,6,13,0,0,Ohio
89,315,Pepperdine Waves,"Malibu, California",1944,2020,66,1898,944,954,0.497,-2.3,0.1,1,12,3,13,0,0,California
90,360,Seton Hall Pirates,"South Orange, New Jersey",1909,2020,107,2629,1535,1093,0.584,3.64,3.59,7,3,3,13,1,0,New Jersey
91,29,Baylor Bears,"Waco, Texas",1907,2020,114,2754,1377,1377,0.5,1.63,2.57,6,5,0,12,2,0,Texas
92,80,Clemson Tigers,"Clemson, South Carolina",1912,2020,109,2667,1347,1318,0.505,5.4,4.21,6,1,1,12,0,0,South Carolina
93,141,Georgia Bulldogs,"Athens, Georgia",1906,2020,115,2768,1439,1329,0.52,3.9,4.87,5,3,3,12,1,0,Georgia
94,192,La Salle Explorers,"Philadelphia, Pennsylvania",1932,2020,89,2395,1388,1007,0.58,2.75,0.64,6,9,8,12,2,1,Pennsylvania
95,250,Montana Grizzlies,"Missoula, Montana",1912,2020,105,2667,1455,1212,0.546,-2.39,-2.64,0,13,11,12,0,0,Montana
96,307,Old Dominion Monarchs,"Norfolk, Virginia",1977,2020,44,1381,841,540,0.609,3.27,-0.08,0,9,7,12,0,0,Virginia
97,351,San Diego State Aztecs,"San Diego, California",1971,2020,50,1509,827,682,0.548,3.61,3.33,3,8,7,12,0,0,California
98,376,Southern Methodist Mustangs,"Dallas, Texas",1917,2020,104,2601,1365,1236,0.525,2.51,1.82,5,15,3,12,1,0,Texas
99,72,Charlotte 49ers,"Charlotte, North Carolina",1973,2020,48,1428,783,645,0.548,3.4,2.04,2,6,5,11,1,0,North Carolina
100,73,Chattanooga Mocs,"Chattanooga, Tennessee",1978,2020,43,1325,795,530,0.6,-2.49,-3.62,1,19,11,11,0,0,Tennessee
101,139,George Washington Colonials,"Washington, D.C.",1913,2020,103,2532,1361,1171,0.538,0.25,-0.1,3,7,5,11,0,0,D.C.
102,244,Mississippi State Bulldogs,"Mississippi State, Mississippi",1909,2020,108,2654,1445,1209,0.544,4.18,4.34,11,12,5,11,1,0,Mississippi
103,260,Navy Midshipmen,"Annapolis, Maryland",1908,2020,113,2490,1409,1081,0.566,-4.96,-4.03,1,8,6,11,0,0,Maryland
104,304,Oklahoma City Chiefs,"Oklahoma City, Oklahoma",1951,1985,35,948,530,418,0.559,0.45,-0.93,3,0,1,11,0,0,Oklahoma
105,355,Santa Clara Broncos,"Santa Clara, California",1909,2020,111,2634,1509,1125,0.573,1.35,0.55,2,11,2,11,1,0,California
106,359,Seattle Redhawks,"Seattle, Washington",1953,2020,38,1065,626,439,0.588,1.05,-1.24,5,0,0,11,1,0,Washington
107,438,Virginia Tech Hokies,"Blacksburg, Virginia",1909,2020,112,2716,1480,1236,0.545,3.79,1.51,2,2,1,11,0,0,Virginia
108,21,Auburn Tigers,"Auburn, Alabama",1906,2020,114,2599,1389,1209,0.535,5.54,4.17,7,4,2,10,1,0,Alabama
109,89,Colorado State Rams,"Fort Collins, Colorado",1902,2020,116,2570,1286,1284,0.5,2.7,2.37,0,6,1,10,0,0,Colorado
110,116,East Tennessee State Buccaneers,"Johnson City, Tennessee",1959,2020,62,1776,977,799,0.55,-4.11,-3.49,1,10,9,10,0,0,Tennessee
111,205,Louisiana Ragin' Cajuns,"Lafayette, Louisiana",1972,2020,49,1424,825,599,0.579,0.64,-1.11,2,10,7,10,0,0,Louisiana
112,233,Miami (FL) Hurricanes,"Coral Gables, Florida",1949,2020,57,1643,939,704,0.572,3.2,3.39,7,2,1,10,0,0,Florida
113,276,North Carolina A&T Aggies,"Greensboro, North Carolina",1974,2020,47,1385,673,712,0.486,-12.67,-9.79,0,11,14,10,0,0,North Carolina
114,332,Rhode Island Rams,"Kingston, Rhode Island",1904,2020,114,2680,1535,1145,0.573,-1.1,-0.65,0,15,2,10,0,0,Rhode Island
115,346,Saint Louis Billikens,"St. Louis, Missouri",1916,2020,104,2685,1454,1231,0.542,5.01,3.97,10,7,3,10,0,0,Missouri
116,347,Saint Mary's (CA) Gaels,"Moraga, California",1910,2020,111,2614,1367,1247,0.523,-1.01,0.3,4,7,4,10,0,0,California
117,373,Southern Illinois Salukis,"Carbondale, Illinois",1968,2020,53,1581,878,703,0.555,2.73,2.11,1,9,5,10,0,0,Illinois
118,468,Winthrop Eagles,"Rock Hill, South Carolina",1987,2020,34,1028,559,469,0.544,-7.58,-6.79,1,9,11,10,0,0,South Carolina
119,40,Bradley Braves,"Peoria, Illinois",1903,2020,116,2905,1692,1213,0.582,4.69,2.96,12,7,3,9,2,0,Illinois
120,52,Cal State Long Beach 49ers,"Long Beach, California",1970,2020,51,1527,826,701,0.541,1.01,1.23,5,14,5,9,0,0,California
121,226,Massachusetts Minutemen,"Amherst, Massachusetts",1926,2020,61,1763,959,804,0.544,0.69,-0.24,5,15,5,9,1,0,Massachusetts
122,237,Middle Tennessee Blue Raiders,"Murfreesboro, Tennessee",1959,2020,62,1769,976,793,0.552,-3.95,-2.83,0,11,7,9,0,0,Tennessee
123,243,Mississippi Rebels,"University, Mississippi",1909,2020,110,2662,1328,1332,0.499,2.51,4.37,2,3,2,9,0,0,Mississippi
124,263,Nevada Wolf Pack,"Reno, Nevada",1913,2020,65,1727,973,754,0.563,0.4,1.2,4,12,5,9,0,0,Nevada
125,288,Northeastern Huskies,"Boston, Massachusetts",1938,2020,57,1571,824,747,0.525,-4.5,-4.26,0,13,9,9,0,0,Massachusetts
126,312,Pacific Tigers,"Stockton, California",1938,2020,70,1982,1007,975,0.508,-1.16,-0.14,1,10,5,9,0,0,California
127,313,Penn State Nittany Lions,"University Park, Pennsylvania",1897,2020,124,2695,1497,1197,0.556,2.43,2.08,2,1,1,9,1,0,Pennsylvania
128,334,Richmond Spiders,"Richmond, Virginia",1913,2020,108,2615,1397,1218,0.534,-2.17,-1.49,1,6,6,9,0,0,Virginia
129,364,South Carolina Gamecocks,"Columbia, South Carolina",1909,2020,112,2713,1444,1268,0.532,4.2,3.44,8,7,2,9,1,0,South Carolina
130,375,Southern Jaguars,"Baton Rouge, Louisiana",1978,2020,43,1279,666,613,0.521,-10.2,-10,0,8,9,9,0,0,Louisiana
131,431,Valparaiso Crusaders,"Valparaiso, Indiana",1918,2020,85,2168,1148,1020,0.53,-4.13,-1.57,0,14,10,9,0,0,Indiana
132,30,Belmont Bruins,"Nashville, Tennessee",2000,2020,21,668,441,227,0.66,1.21,-3.46,0,11,7,8,0,0,Tennessee
133,46,Bucknell Bison,"Lewisburg, Pennsylvania",1896,2020,125,2712,1463,1249,0.539,-8.24,-6.84,0,18,8,8,0,0,Pennsylvania
134,118,Eastern Kentucky Colonels,"Richmond, Kentucky",1948,2020,70,1886,922,964,0.489,-4.74,-2.66,0,7,5,8,0,0,Kentucky
135,217,Manhattan Jaspers,"Riverdale, New York",1905,2020,114,2645,1378,1267,0.521,-3.42,-2.43,0,13,5,8,0,0,New York
136,293,Northern Iowa Panthers,"Cedar Falls, Iowa",1981,2020,40,1215,646,569,0.532,1.19,1.57,1,2,6,8,0,0,Iowa
137,338,Robert Morris Colonials,"Moon Township, Pennsylvania",1977,2020,44,1318,649,669,0.492,-8.74,-6.79,0,11,8,8,0,0,Pennsylvania
138,363,South Alabama Jaguars,"Mobile, Alabama",1972,2020,49,1437,807,630,0.562,-0.86,-1.62,0,12,5,8,0,0,Alabama
139,402,Texas Christian Horned Frogs,"Fort Worth, Texas",1914,2020,107,2656,1239,1417,0.466,0.21,1.96,3,11,0,8,0,0,Texas
140,404,Texas Southern Tigers,"Houston, Texas",1978,2020,43,1285,639,646,0.497,-10.52,-8.4,0,12,8,8,0,0,Texas
141,24,Austin Peay Governors,"Clarksville, Tennessee",1964,2020,57,1640,824,816,0.502,-5.46,-3.39,1,8,5,7,0,0,Tennessee
142,27,Ball State Cardinals,"Muncie, Indiana",1972,2020,49,1443,768,675,0.532,-0.83,-0.7,1,10,7,7,0,0,Indiana
143,36,Boise State Broncos,"Boise, Idaho",1972,2020,49,1445,803,642,0.556,0.26,-0.58,0,6,5,7,0,0,Idaho
144,38,Boston University Terriers,"Boston, Massachusetts",1916,2020,94,2165,1113,1052,0.514,-6.76,-5.47,0,8,6,7,0,0,Massachusetts
145,99,Dartmouth Big Green,"Hanover, New Hampshire",1900,2020,120,2861,1319,1540,0.461,-10.83,-5.14,0,12,0,7,2,0,New Hampshire
146,203,Long Island University Sharks,"Brooklyn, New York",1929,2020,75,2020,1127,891,0.558,-9.29,-6.42,1,9,6,7,0,0,New York
147,208,Louisiana-Monroe Warhawks,"Monroe, Louisiana",1974,2020,47,1386,722,664,0.521,-4.64,-4.29,0,10,8,7,0,0,Louisiana
148,252,Morehead State Eagles,"Morehead, Kentucky",1956,2020,65,1804,896,908,0.497,-5.87,-3.52,0,9,4,7,0,0,Kentucky
149,261,Nebraska Cornhuskers,"Lincoln, Nebraska",1897,2020,124,2912,1522,1390,0.523,5.68,6.15,2,7,1,7,0,0,Nebraska
150,382,St. Bonaventure Bonnies,"St. Bonaventure, New York",1920,2020,100,2431,1381,1050,0.568,2.03,1.51,6,7,1,7,1,0,New York
151,433,Vermont Catamounts,"Burlington, Vermont",1921,2020,65,1777,950,827,0.535,-10.13,-7.14,0,10,7,7,0,0,Vermont
152,9,Alcorn State Braves,"Alcorn State, Mississippi",1978,2020,43,1275,552,723,0.433,-13.57,-8.87,0,10,6,6,0,0,Mississippi
153,108,Detroit Mercy Titans,"Detroit, Michigan",1910,2020,111,2680,1424,1256,0.531,0.09,1.09,2,2,3,6,0,0,Michigan
154,125,Fairleigh Dickinson Knights,"Teaneck, New Jersey",1968,2020,53,1494,717,777,0.48,-9.98,-6.95,0,6,6,6,0,0,New Jersey
155,134,Fresno State Bulldogs,"Fresno, California",1956,2020,53,1599,897,702,0.561,2.54,1.74,1,6,5,6,0,0,California
156,135,Furman Paladins,"Greenville, South Carolina",1920,2020,99,2522,1267,1255,0.502,-6.17,-4.16,0,6,6,6,0,0,South Carolina
157,138,George Mason Patriots,"Fairfax, Virginia",1979,2020,42,1269,681,588,0.537,-1.32,-1.56,0,4,4,6,1,0,Virginia
158,153,Hampton Pirates,"Hampton, Virginia",1996,2020,25,776,406,370,0.523,-8.91,-8.82,0,4,6,6,0,0,Virginia
159,170,Illinois State Redbirds,"Normal, Illinois",1899,2020,61,1573,939,634,0.597,3.64,1.77,0,6,4,6,0,0,Illinois
160,189,Kent State Golden Flashes,"Kent, Ohio",1914,2020,101,2435,1204,1231,0.494,-2.06,-0.33,0,9,6,6,0,0,Ohio
161,195,Lamar Cardinals,"Beaumont, Texas",1970,2020,51,1486,762,724,0.513,-4.76,-4,0,9,4,6,0,0,Texas
162,210,Loyola (IL) Ramblers,"Chicago, Illinois",1921,2020,99,2518,1344,1174,0.534,-0.09,1.49,5,6,2,6,2,1,Illinois
163,221,Marshall Thundering Herd,"Huntington, West Virginia",1919,2020,96,2493,1424,1067,0.572,-1.01,-1.25,1,6,4,6,0,0,West Virginia
164,246,Missouri State Bears,"Springfield, Missouri",1983,2020,38,1197,704,493,0.588,4.25,1.23,0,5,3,6,0,0,Missouri
165,269,New York University Violets,"New York, New York",1907,1971,65,1184,725,459,0.612,-0.44,-0.12,2,6,0,6,2,0,New York
166,282,North Carolina-Wilmington Seahawks,"Wilmington, North Carolina",1977,2020,44,1310,672,638,0.513,-2.9,-2.5,0,8,6,6,0,0,North Carolina
167,341,Rutgers Scarlet Knights,"New Brunswick, New Jersey",1914,2020,106,2483,1260,1223,0.507,-0.91,0.63,2,9,2,6,1,0,New Jersey
168,362,Siena Saints,"Loudonville, New York",1939,2020,62,1712,938,774,0.548,-4.1,-3.46,1,9,6,6,0,0,New York
169,448,Washington State Cougars,"Pullman, Washington",1902,2020,119,3152,1609,1543,0.51,2.95,4.85,3,2,0,6,1,0,Washington
170,8,Albany (NY) Great Danes,"Albany, New York",2000,2020,21,658,326,332,0.495,-6.75,-6.08,0,2,5,5,0,0,New York
171,65,Central Florida Knights,"Orlando, Florida",1985,2020,36,1079,543,536,0.503,-4.02,-2.61,0,1,4,5,0,0,Florida
172,84,College of Charleston Cougars,"Charleston, South Carolina",1992,2020,29,908,626,282,0.689,1.11,-4.16,2,13,4,5,0,0,South Carolina
173,94,Cornell Big Red,"Ithaca, New York",1899,2020,122,2730,1269,1461,0.465,-7.8,-4.5,0,8,0,5,0,0,New York
174,102,Delaware Fightin' Blue Hens,"Newark, Delaware",1906,2020,79,1922,953,968,0.496,-8.54,-5.98,0,4,5,5,0,0,Delaware
175,113,Duquesne Dukes,"Pittsburgh, Pennsylvania",1914,2020,104,2556,1423,1133,0.557,2.07,1.98,7,2,1,5,1,0,Pennsylvania
176,123,Evansville Purple Aces,"Evansville, Indiana",1925,2020,47,1337,716,621,0.536,1.27,1.02,0,6,4,5,0,0,Indiana
177,143,Georgia State Panthers,"Atlanta, Georgia",1974,2020,47,1379,612,767,0.444,-7.18,-3.82,0,7,5,5,0,0,Georgia
178,149,Green Bay Phoenix,"Green Bay, Wisconsin",1982,2020,39,1192,656,536,0.55,-0.49,-1.14,0,4,4,5,0,0,Wisconsin
179,156,Harvard Crimson,"Boston, Massachusetts",1901,2020,109,2512,1174,1338,0.467,-8.17,-4.9,0,7,0,5,0,0,Massachusetts
180,158,Hawaii Rainbow Warriors,"Honolulu, Hawaii",1971,2020,50,1469,775,694,0.528,2.05,1.87,1,3,4,5,0,0,Hawaii
181,167,Idaho State Bengals,"Pocatello, Idaho",1959,2020,62,1717,753,964,0.439,-6.44,-2.63,0,4,2,5,0,0,Idaho
182,181,Jacksonville Dolphins,"Jacksonville, Florida",1967,2020,54,1562,764,798,0.489,-3.65,-2.08,2,2,2,5,1,0,Florida
183,183,James Madison Dukes,"Harrisonburg, Virginia",1977,2020,44,1317,665,652,0.505,-2.47,-2.27,0,7,3,5,0,0,Virginia
184,198,Lehigh Mountain Hawks,"Bethlehem, Pennsylvania",1902,2020,119,2553,1118,1435,0.438,-13,-7.49,0,4,5,5,0,0,Pennsylvania
185,202,Little Rock Trojans,"Little Rock, Arkansas",1979,2020,42,1261,697,564,0.553,-3.19,-3.52,0,12,5,5,0,0,Arkansas
186,207,Louisiana Tech Bulldogs,"Ruston, Louisiana",1974,2020,47,1410,817,593,0.579,-0.12,-1.61,1,10,6,5,0,0,Louisiana
187,213,Loyola Marymount Lions,"Los Angeles, California",1943,2020,73,2020,878,1142,0.435,-4.18,0.37,2,3,2,5,0,0,California
188,245,Mississippi Valley State Delta Devils,"Itta Bena, Mississippi",1980,2020,41,1209,478,731,0.395,-14.24,-8.98,0,7,5,5,0,0,Mississippi
189,255,Mount St. Mary's Mountaineers,"Emmitsburg, Maryland",1989,2020,32,956,414,542,0.433,-9.25,-6.42,0,2,5,5,0,0,Maryland
190,268,New Orleans Privateers,"New Orleans, Louisiana",1976,2020,43,1265,687,578,0.543,-2.24,-2.22,2,8,4,5,0,0,Louisiana
191,309,Oral Roberts Golden Eagles,"Tulsa, Oklahoma",1972,2020,45,1345,753,592,0.56,0.45,-1.05,2,7,5,5,0,0,Oklahoma
192,365,South Carolina State Bulldogs,"Orangeburg, South Carolina",1972,2020,49,1448,698,750,0.482,-13.24,-10.53,0,8,5,5,0,0,South Carolina
193,368,South Dakota State Jackrabbits,"Brookings, South Dakota",2009,2020,12,400,259,141,0.648,1.86,-2.67,0,5,5,5,0,0,South Dakota
194,388,Stephen F. Austin Lumberjacks,"Nacogdoches, Texas",1987,2020,34,1003,577,426,0.575,-5.68,-6.65,0,8,5,5,0,0,Texas
195,423,UC-Santa Barbara Gauchos,"Santa Barbara, California",1964,2020,57,1619,861,758,0.532,-0.34,0,0,4,3,5,0,0,California
196,473,Wofford Terriers,"Spartanburg, South Carolina",1996,2020,25,772,386,386,0.5,-5.25,-2.73,1,4,5,5,0,0,South Carolina
197,479,Yale Bulldogs,"New Haven, Connecticut",1896,2020,125,2992,1503,1486,0.503,-6.41,-4.6,1,14,1,5,0,0,Connecticut
198,2,Air Force Falcons,"USAF Academy, Colorado",1958,2020,62,1703,741,962,0.435,-2.63,1.34,0,1,0,4,0,0,Colorado
199,3,Akron Zips,"Akron, Ohio",1902,2020,69,1593,942,651,0.591,-0.24,-1.47,0,8,4,4,0,0,Ohio
200,6,Alabama State Hornets,"Montgomery, Alabama",1983,2020,38,1128,540,588,0.479,-12.96,-10.02,0,4,4,4,0,0,Alabama
201,39,Bowling Green State Falcons,"Bowling Green, Ohio",1916,2020,105,2603,1408,1195,0.541,-0.44,0.08,2,9,0,4,0,0,Ohio
202,47,Buffalo Bulls,"Buffalo, New York",1907,2020,51,1237,633,604,0.512,-4.93,-2.33,1,5,4,4,0,0,New York
203,57,Canisius Golden Griffins,"Buffalo, New York",1904,2020,116,2606,1319,1287,0.506,-3.71,-1.7,1,8,1,4,0,0,New York
204,66,Central Michigan Chippewas,"Mount Pleasant, Michigan",1974,2020,47,1357,602,755,0.444,-3.85,-0.38,0,8,2,4,0,0,Michigan
205,82,Coastal Carolina Chanticleers,"Conway, South Carolina",1987,2020,34,1024,520,504,0.508,-8.13,-6.24,0,7,5,4,0,0,South Carolina
206,93,Coppin State Eagles,"Baltimore, Maryland",1986,2020,35,1063,488,575,0.459,-10.83,-8.22,0,10,4,4,0,0,Maryland
207,110,Drake Bulldogs,"Des Moines, Iowa",1907,2020,114,2757,1263,1494,0.458,0.95,2.97,5,9,1,4,1,0,Iowa
208,111,Drexel Dragons,"Philadelphia, Pennsylvania",1895,2020,50,1387,758,629,0.547,-3.54,-4.48,0,7,4,4,0,0,Pennsylvania
209,119,Eastern Michigan Eagles,"Ypsilanti, Michigan",1933,2020,48,1420,675,745,0.475,-2.99,-0.25,0,5,4,4,0,0,Michigan
210,132,Fordham Rams,"Bronx, New York",1903,2020,116,2935,1527,1408,0.52,-2.75,-0.26,1,4,3,4,0,0,New York
211,161,Hofstra Pride,"Hempstead, New York",1943,2020,55,1597,827,770,0.518,-5.92,-4.43,0,8,5,4,0,0,New York
212,168,Idaho Vandals,"Moscow, Idaho",1906,2020,115,2879,1352,1525,0.47,-4.11,-1.11,1,7,4,4,0,0,Idaho
213,175,Indiana State Sycamores,"Terre Haute, Indiana",1900,2020,98,2199,1134,1065,0.516,-0.22,1.87,1,2,3,4,1,0,Indiana
214,193,Lafayette Leopards,"Easton, Pennsylvania",1901,2020,110,2634,1352,1282,0.513,-8.13,-6.91,0,17,3,4,0,0,Pennsylvania
215,200,Liberty Flames,"Lynchburg, Virginia",1989,2020,32,989,483,506,0.488,-9.73,-6.95,0,3,4,4,0,0,Virginia
216,240,Milwaukee Panthers,"Milwaukee, Wisconsin",1974,2020,37,1095,534,561,0.488,-3.88,-1.41,0,4,4,4,0,0,Wisconsin
217,249,Monmouth Hawks,"West Long Branch, New Jersey",1984,2020,37,1110,530,580,0.477,-7.83,-6.16,0,4,4,4,0,0,New Jersey
218,277,North Carolina Central Eagles,"Durham, North Carolina",2011,2020,10,326,200,126,0.613,-6.77,-9.33,0,3,4,4,0,0,North Carolina
219,280,North Carolina-Asheville Bulldogs,"Asheville, North Carolina",1987,2020,34,1019,488,531,0.479,-9.81,-5.59,0,7,5,4,0,0,North Carolina
220,285,North Dakota State Bison,"Fargo, North Dakota",1898,2020,41,770,534,236,0.694,0,-2.94,0,3,4,4,0,0,North Dakota
221,333,Rice Owls,"Houston, Texas",1915,2020,106,2586,1128,1458,0.436,-3.27,0.76,0,10,0,4,0,0,Texas
222,352,San Diego Toreros,"San Diego, California",1980,2020,41,1213,600,613,0.495,-0.29,0.57,0,2,2,4,0,0,California
223,411,Texas-San Antonio Roadrunners,"San Antonio, Texas",1982,2020,39,1154,576,578,0.499,-5.9,-4.49,0,3,4,4,0,0,Texas
224,412,Toledo Rockets,"Toledo, Ohio",1916,2020,105,2568,1471,1097,0.573,0.85,-0.27,2,10,1,4,0,0,Ohio
225,459,Western Michigan Broncos,"Kalamazoo, Michigan",1914,2020,107,2580,1347,1232,0.522,-2.67,-0.12,1,10,2,4,0,0,Michigan
226,11,American Eagles,"Washington, D.C.",1967,2020,54,1533,755,778,0.492,-5.55,-3.79,0,7,3,3,0,0,D.C.
227,51,Cal State Fullerton Titans,"Fullerton, California",1975,2020,46,1344,635,709,0.472,-1.94,-0.3,0,2,3,3,0,0,California
228,64,Central Connecticut State Blue Devils,"New Britain, Connecticut",1987,2020,34,992,395,597,0.398,-12.72,-7.65,0,3,3,3,0,0,Connecticut
229,83,Colgate Raiders,"Hamilton, New York",1901,2020,120,2717,1306,1411,0.481,-10.96,-5.71,0,4,3,3,0,0,New York
230,90,Columbia Lions,"New York, New York",1901,2020,120,2648,1308,1340,0.494,-7.68,-5.16,2,13,0,3,0,0,New York
231,124,Fairfield Stags,"Fairfield, Connecticut",1965,2020,56,1605,779,826,0.485,-4.38,-2.95,0,3,3,3,0,0,Connecticut
232,126,Florida A&M Rattlers,"Tallahassee, Florida",1980,2020,41,1212,466,746,0.384,-15.81,-9.03,0,0,4,3,0,0,Florida
233,129,Florida Gulf Coast Eagles,"Fort Myers, Florida",2011,2020,10,335,189,146,0.564,-2.57,-3.63,0,3,3,3,0,0,Florida
234,142,Georgia Southern Eagles,"Statesboro, Georgia",1972,2020,49,1432,734,698,0.513,-6.6,-4.97,0,7,3,3,0,0,Georgia
235,172,Illinois-Chicago Flames,"Chicago, Illinois",1982,2020,39,1190,572,618,0.481,-2.83,-1.15,0,2,2,3,0,0,Illinois
236,180,Jackson State Tigers,"Jackson, Mississippi",1978,2020,43,1296,609,687,0.47,-11.14,-8.7,0,7,4,3,0,0,Mississippi
237,230,Mercer Bears,"Macon, Georgia",1974,2020,47,1386,663,723,0.478,-7.85,-5.35,0,3,3,3,0,0,Georgia
238,271,Niagara Purple Eagles,"Niagara University, New York",1906,2020,114,2748,1483,1264,0.54,-2.99,-1.82,2,10,2,3,0,0,New York
239,281,North Carolina-Greensboro Spartans,"Greensboro, North Carolina",1992,2020,29,887,424,463,0.478,-6.36,-4.26,0,6,3,3,0,0,North Carolina
240,287,North Texas Mean Green,"Denton, Texas",1922,2020,65,1793,801,992,0.447,-4.9,-0.38,0,3,3,3,0,0,Texas
241,292,Northern Illinois Huskies,"De Kalb, Illinois",1927,2020,54,1517,687,830,0.453,-3.79,-1.12,0,3,2,3,0,0,Illinois
242,296,Northwestern State Demons,"Natchitoches, Louisiana",1977,2020,44,1273,564,709,0.443,-9.88,-5.65,0,3,3,3,0,0,Louisiana
243,299,Oakland Golden Grizzlies,"Rochester, Michigan",2000,2020,21,680,368,312,0.541,-1.1,-1.33,0,4,3,3,0,0,Michigan
244,329,Radford Highlanders,"Radford, Virginia",1985,2020,36,1083,566,517,0.523,-8.95,-7.04,0,5,3,3,0,0,Virginia
245,335,Rider Broncs,"Lawrenceville, New Jersey",1929,2020,57,1619,855,764,0.528,-7.37,-6.06,0,12,3,3,0,0,New Jersey
246,348,Saint Peter's Peacocks,"Jersey City, New Jersey",1966,2020,55,1575,780,795,0.495,-5.08,-4.02,0,6,3,3,0,0,New Jersey
247,369,South Florida Bulls,"Tampa, Florida",1974,2020,47,1394,637,757,0.457,1.26,3.05,0,1,1,3,0,0,Florida
248,377,Southern Mississippi Golden Eagles,"Hattiesburg, Mississippi",1967,2020,49,1443,749,694,0.519,0.66,1.82,1,2,0,3,0,0,Mississippi
249,417,Tulane Green Wave,"New Orleans, Louisiana",1906,2020,110,2548,1231,1317,0.483,-1.17,1.2,1,6,0,3,0,0,Louisiana
250,437,Virginia Military Institute Keydets,"Lexington, Virginia",1909,2020,112,2463,906,1557,0.368,-12.98,-4.79,1,2,3,3,0,0,Virginia
251,476,Wright State Raiders,"Dayton, Ohio",1988,2020,33,1003,555,448,0.553,-1.58,-2.2,0,2,3,3,0,0,Ohio
252,13,Appalachian State Mountaineers,"Boone, North Carolina",1974,2020,47,1385,675,710,0.487,-5.9,-3.3,0,10,2,2,0,0,North Carolina
253,44,Brown Bears,"Providence, Rhode Island",1901,2020,114,2601,1060,1541,0.408,-10.86,-4.57,0,1,0,2,0,0,Rhode Island
254,54,Cal State Northridge Matadors,"Northridge, California",1991,2020,30,897,384,513,0.428,-5.32,-1.86,0,3,2,2,0,0,California
255,79,City College of New York Beavers,"New York, New York",1906,1953,48,725,517,208,0.713,-0.07,2.71,0,1,0,2,2,1,New York
256,81,Cleveland State Vikings,"Cleveland, Ohio",1973,2020,48,1411,693,718,0.491,-3.47,-1.58,0,4,2,2,0,0,Ohio
257,114,East Carolina Pirates,"Greenville, North Carolina",1967,2020,54,1544,675,869,0.437,-4.78,-1.17,0,0,2,2,0,0,North Carolina
258,117,Eastern Illinois Panthers,"Charleston, Illinois",1982,2020,39,1147,529,618,0.461,-7.34,-4.33,0,0,3,2,0,0,Illinois
259,120,Eastern Washington Eagles,"Cheney, Washington",1984,2020,37,1083,472,611,0.436,-6.17,-2.22,0,3,2,2,0,0,Washington
260,154,Hardin-Simmons Cowboys,"Abilene, Texas",1923,1990,45,1149,481,668,0.419,-11.08,-5.7,0,1,0,2,0,0,Texas
261,166,Howard Bison,"Washington, D.C.",1974,2020,47,1350,520,830,0.385,-15.19,-9.84,0,4,3,2,0,0,D.C.
262,211,Loyola (LA) Wolfpack,"New Orleans, Louisiana",1952,1972,20,499,237,262,0.475,-6.45,0.25,0,0,0,2,0,0,Louisiana
263,212,Loyola (MD) Greyhounds,"Baltimore, Maryland",1908,2020,76,1769,808,961,0.457,-9.06,-4.75,0,0,2,2,0,0,Maryland
264,219,Marist Red Foxes,"Poughkeepsie, New York",1982,2020,39,1155,502,653,0.435,-7.46,-5.58,0,5,2,2,0,0,New York
265,223,Maryland-Baltimore County Retrievers,"Baltimore, Maryland",1987,2020,34,1008,404,604,0.401,-11.32,-6.58,0,2,2,2,0,0,Maryland
266,228,McNeese State Cowboys,"Lake Charles, Louisiana",1974,2020,47,1358,647,711,0.476,-7.22,-4.76,0,6,2,2,0,0,Louisiana
267,251,Montana State Bobcats,"Bozeman, Montana",1902,2020,109,2649,1443,1206,0.545,-5.25,-2.68,0,10,2,2,0,0,Montana
268,253,Morgan State Bears,"Baltimore, Maryland",1985,2020,36,1065,392,673,0.368,-15.56,-9.04,0,3,2,2,0,0,Maryland
269,272,Nicholls State Colonels,"Thibodaux, Louisiana",1981,2020,40,1138,468,670,0.411,-12.01,-5.95,0,3,2,2,0,0,Louisiana
270,290,Northern Arizona Lumberjacks,"Flagstaff, Arizona",1919,2020,81,1936,879,1057,0.454,-7.97,-3.02,0,6,2,2,0,0,Arizona
271,294,Northern Kentucky Norse,"Highland Heights, Kentucky",2013,2020,8,251,137,114,0.546,-2.81,-3.69,0,2,2,2,0,0,Kentucky
272,319,Portland Pilots,"Portland, Oregon",1954,2020,67,1897,795,1102,0.419,-5.29,0.66,0,0,1,2,0,0,Oregon
273,320,Portland State Vikings,"Portland, Oregon",1973,2020,31,900,442,458,0.491,-5.87,-2.92,0,2,2,2,0,0,Oregon
274,321,Prairie View Panthers,"Prairie View, Texas",1981,2020,40,1166,348,818,0.298,-20.72,-8.19,0,2,2,2,0,0,Texas
275,349,Sam Houston State Bearkats,"Huntsville, Texas",1987,2020,34,1014,531,483,0.524,-7.02,-5.38,0,6,2,2,0,0,Texas
276,350,Samford Bulldogs,"Birmingham, Alabama",1973,2020,48,1392,603,789,0.433,-9.09,-5.3,0,3,2,2,0,0,Alabama
277,354,San Jose State Spartans,"San Jose, California",1938,2020,70,1920,761,1159,0.396,-4.19,0.82,0,1,2,2,0,0,California
278,396,Tennessee State Tigers,"Nashville, Tennessee",1978,2020,43,1237,529,708,0.428,-8.59,-4.67,0,2,2,2,0,0,Tennessee
279,397,Tennessee Tech Golden Eagles,"Cookeville, Tennessee",1944,2020,66,1804,885,919,0.491,-6.6,-3.65,0,7,1,2,0,0,Tennessee
280,405,Texas State Bobcats,"San Marcos, Texas",1985,2020,36,1061,486,575,0.458,-8.21,-5.49,0,3,2,2,0,0,Texas
281,413,Towson Tigers,"Towson, Maryland",1980,2020,41,1220,515,705,0.422,-7.83,-4.28,0,4,3,2,0,0,Maryland
282,416,Troy Trojans,"Troy, Alabama",1994,2020,27,809,380,429,0.47,-7.56,-5.03,0,6,2,2,0,0,Alabama
283,421,UC-Irvine Anteaters,"Irvine, California",1978,2020,43,1301,647,654,0.497,-1.42,0.23,0,6,2,2,0,0,California
284,1,Abilene Christian Wildcats,"Abilene, Texas",1971,2020,10,294,148,146,0.503,-10.99,-6.93,0,0,1,1,0,0,Texas
285,4,Alabama A&M Bulldogs,"Normal, Alabama",2000,2020,21,610,232,378,0.38,-16.99,-11.31,0,1,1,1,0,0,Alabama
286,17,Arkansas State Red Wolves,"State University, Arkansas",1971,2020,50,1452,743,709,0.512,-3.58,-2.94,0,7,1,1,0,0,Arkansas
287,18,Arkansas-Pine Bluff Golden Lions,"Pine Bluff, Arkansas",1999,2020,22,667,199,468,0.298,-19.55,-8.53,0,0,1,1,0,0,Arkansas
288,33,Binghamton Bearcats,"Binghamton, New York",2002,2020,19,574,205,369,0.357,-11.21,-5.5,0,1,1,1,0,0,New York
289,49,Cal Poly Mustangs,"San Luis Obispo, California",1995,2020,26,765,303,462,0.396,-6.76,-1.75,0,1,1,1,0,0,California
290,50,Cal State Bakersfield Roadrunners,"Bakersfield, California",2011,2020,10,317,157,160,0.495,-4.93,-3.18,0,1,1,1,0,0,California
291,53,Cal State Los Angeles Golden Eagles,"Los Angeles, California",1971,1975,5,130,70,60,0.538,-1.89,1.34,0,0,0,1,0,0,California
292,56,Campbell Fighting Camels,"Buies Creek, North Carolina",1978,2020,43,1244,518,726,0.416,-12.58,-7.13,0,2,1,1,0,0,North Carolina
293,61,Catholic Cardinals,"Washington, D.C.",1913,1981,13,248,122,126,0.492,-15.98,-6.69,0,0,0,1,0,0,D.C.
294,71,Charleston Southern Buccaneers,"Charleston, South Carolina",1975,2020,46,1323,550,773,0.416,-13.21,-7.21,0,4,4,1,0,0,South Carolina
295,103,Delaware State Hornets,"Dover, Delaware",1974,2020,47,1360,536,824,0.394,-16.64,-10.26,0,3,1,1,0,0,Delaware
296,127,Florida Atlantic Owls,"Boca Raton, Florida",1994,2020,27,804,297,507,0.369,-9.11,-3.34,0,1,1,1,0,0,Florida
297,130,Florida International Panthers,"Miami, Florida",1988,2020,33,984,398,586,0.404,-8.04,-3.28,0,1,1,1,0,0,Florida
298,136,Gardner-Webb Runnin' Bulldogs,"Boiling Springs, North Carolina",2003,2020,18,569,266,303,0.467,-8.08,-4.7,0,1,1,1,0,0,North Carolina
299,164,Houston Baptist Huskies,"Houston, Texas",1974,2020,26,749,307,442,0.41,-11.54,-5.92,0,2,1,1,0,0,Texas
300,179,IUPUI Jaguars,"Indianapolis, Indiana",1999,2020,22,686,318,368,0.464,-5.05,-2.53,0,1,1,1,0,0,Indiana
301,182,Jacksonville State Gamecocks,"Jacksonville, Alabama",1996,2020,25,744,321,423,0.431,-9.37,-6.4,0,0,1,1,0,0,Alabama
302,201,Lipscomb Bisons,"Nashville, Tennessee",2004,2020,17,531,282,249,0.531,-5.36,-4.42,0,3,1,1,0,0,Tennessee
303,274,Norfolk State Spartans,"Norfolk, Virginia",1998,2020,23,715,342,373,0.478,-11.31,-8.71,0,2,1,1,0,0,Virginia
304,284,North Dakota Fighting Hawks,"Grand Forks, North Dakota",1905,2020,27,517,305,212,0.59,-7.63,-4.34,0,1,3,1,0,0,North Dakota
305,286,North Florida Ospreys,"Jacksonville, Florida",2010,2020,11,363,184,179,0.507,-5.41,-2.33,0,2,1,1,0,0,Florida
306,291,Northern Colorado Bears,"Greeley, Colorado",1911,2020,41,765,413,352,0.54,-3.79,-4.2,0,3,1,1,0,0,Colorado
307,297,Northwestern Wildcats,"Evanston, Illinois",1905,2020,115,2639,1096,1542,0.415,3.37,7.4,0,2,0,1,0,0,Illinois
308,344,Saint Francis (PA) Red Flash,"Loretto, Pennsylvania",1956,2020,65,1775,800,975,0.451,-9.13,-4.47,0,2,1,1,0,0,Pennsylvania
309,370,Southeast Missouri State Redhawks,"Cape Girardeau, Missouri",1992,2020,29,859,354,505,0.412,-8.82,-4.75,0,1,1,1,0,0,Missouri
310,371,Southeastern Louisiana Lions,"Hammond, Louisiana",1981,2020,39,1130,490,640,0.434,-10.93,-6.34,0,5,1,1,0,0,Louisiana
311,378,Southern Utah Thunderbirds,"Cedar City, Utah",1989,2020,32,937,398,539,0.425,-7.45,-3.67,0,2,3,1,0,0,Utah
312,391,Stony Brook Seawolves,"Stony Brook, New York",2000,2020,21,650,331,319,0.509,-6.33,-5.43,0,4,1,1,0,0,New York
313,401,Texas A&M-Corpus Christi Islanders,"Corpus Christi, Texas",2003,2020,18,558,287,271,0.514,-6.17,-4.72,0,1,1,1,0,0,Texas
314,408,Texas-Arlington Mavericks,"Arlington, Texas",1969,2020,52,1497,690,807,0.461,-7.94,-4.47,0,3,1,1,0,0,Texas
315,420,UC-Davis Aggies,"Davis, California",2008,2020,13,412,180,232,0.437,-6.18,-2.49,0,2,1,1,0,0,California
316,440,Wagner Seahawks,"Staten Island, New York",1966,2020,48,1380,665,715,0.482,-9.81,-7.4,0,3,1,1,0,0,New York
317,453,West Texas A&M Buffaloes,"Canyon, Texas",1921,1986,54,1275,707,568,0.555,-6.34,-1.65,0,4,0,1,0,0,Texas
318,455,Western Carolina Catamounts,"Cullowhee, North Carolina",1977,2020,44,1295,569,726,0.439,-8.53,-3.79,0,3,1,1,0,0,North Carolina
319,19,Armstrong Pirates,"Savannah, Georgia",1987,1987,1,28,6,22,0.214,-21.6,-4.78,0,0,0,0,0,0,Georgia
320,20,Army Black Knights,"West Point, New York",1903,2020,118,2516,1250,1266,0.497,-9.23,-4.68,0,0,0,0,0,0,New York
321,22,Augusta State Jaguars,"Augusta, Georgia",1985,1991,7,197,64,133,0.325,-17.3,-8,0,0,0,0,0,0,Georgia
322,26,Baldwin-Wallace Yellow Jackets,"Berea, Ohio",1948,1953,6,139,82,57,0.59,-4.45,1.84,0,0,0,0,0,0,Ohio
323,28,Baltimore Super Bees,"Baltimore, Maryland",1979,1983,5,133,46,87,0.346,-13.76,-6.45,0,0,0,0,0,0,Maryland
324,32,Bethune-Cookman Wildcats,"Daytona Beach, Florida",1981,2020,40,1185,433,752,0.365,-16.65,-9.97,0,2,0,0,0,0,Florida
325,34,Birmingham-Southern Panthers,"Birmingham, Alabama",1920,2006,5,105,65,40,0.619,-5.44,-8.71,0,1,0,0,0,0,Alabama
326,43,Brooklyn Bulldogs,"Brooklyn, New York",1934,1992,25,567,233,334,0.411,-19.21,-9.62,0,0,0,0,0,0,New York
327,45,Bryant Bulldogs,"Smithfield, Rhode Island",2011,2020,10,310,112,198,0.361,-11.24,-5.38,0,0,0,0,0,0,Rhode Island
328,55,California Baptist Lancers,"Riverside, California",2019,2020,2,62,37,25,0.597,-2.94,-5.39,0,0,0,0,0,0,California
329,59,Carnegie Mellon Tartans,"Pittsburgh, Pennsylvania",1933,1939,7,87,40,47,0.46,,,0,2,0,0,0,0,Pennsylvania
330,60,Case Western Reserve Spartans,"Cleveland, Ohio",1898,1955,13,245,95,150,0.388,-18.31,-2.68,0,0,0,0,0,0,Ohio
331,62,Centenary (LA) Gents,"Shreveport, Louisiana",1960,2011,52,1435,637,798,0.444,-8.73,-3.96,1,1,1,0,0,0,Louisiana
332,63,Central Arkansas Bears,"Conway, Arkansas",2011,2020,10,305,93,212,0.305,-14.3,-5.19,0,0,0,0,0,0,Arkansas
333,75,Chicago Maroons,"Chicago, Illinois",1896,1946,46,862,419,443,0.486,,,0,6,0,0,0,0,Illinois
334,76,Chicago State Cougars,"Chicago, Illinois",1985,2020,36,1052,273,779,0.26,-15.42,-2.25,0,0,1,0,0,0,Illinois
335,78,Citadel Bulldogs,"Charleston, South Carolina",1913,2020,108,2392,1003,1389,0.419,-13.07,-5.49,0,0,0,0,0,0,South Carolina
336,104,Denison Big Red,"Granville, Ohio",1905,1944,24,362,269,93,0.743,,,0,0,0,0,0,0,Ohio
337,105,Denver Pioneers,"Denver, Colorado",1904,2020,97,2105,948,1157,0.45,-3.82,-0.62,0,4,0,0,0,0,Colorado
338,109,Dickinson College Red Devils,"Carlisle, Pennsylvania",1926,1947,2,34,30,4,0.882,,,0,0,0,0,0,0,Pennsylvania
339,121,Elon Phoenix,"Elon, North Carolina",2000,2020,21,651,278,373,0.427,-8.44,-3.69,0,2,0,0,0,0,North Carolina
340,137,Geneva Golden Tornadoes,"Beaver Falls, Pennsylvania",1893,1943,10,125,80,45,0.64,,,0,0,0,0,0,0,Pennsylvania
341,145,Gettysburg Bullets,"Gettysburg, Pennsylvania",1901,1973,41,724,385,339,0.532,-15.98,-9.8,0,0,0,0,0,0,Pennsylvania
342,147,Grambling Tigers,"Grambling, Louisiana",1978,2020,43,1228,461,767,0.375,-17.39,-9.38,0,3,0,0,0,0,Louisiana
343,148,Grand Canyon Antelopes,"Phoenix, Arizona",2014,2020,7,225,136,89,0.604,-1.49,-4.16,0,0,0,0,0,0,Arizona
344,150,Grinnell Pioneers,"Grinnell, Iowa",1901,1939,38,550,280,270,0.509,,,0,0,0,0,0,0,Iowa
345,152,Hamline Pipers,"St. Paul, Minnesota",1945,1948,4,102,82,20,0.804,,,0,0,0,0,0,0,Minnesota
346,155,Hartford Hawks,"West Hartford, Connecticut",1985,2020,36,1071,454,617,0.424,-9,-5.4,0,0,0,0,0,0,Connecticut
347,159,High Point Panthers,"High Point, North Carolina",2000,2020,21,639,304,335,0.476,-9.27,-6.23,0,4,0,0,0,0,North Carolina
348,173,Incarnate Word Cardinals,"San Antonio, Texas",2014,2020,7,204,90,114,0.441,-13.02,-6.58,0,0,0,0,0,0,Texas
349,184,John Carroll Blue Streaks,"University Heights, Ohio",1948,1955,8,191,80,111,0.419,-9.26,-0.19,0,0,0,0,0,0,Ohio
350,188,Kennesaw State Owls,"Kennesaw, Georgia",2010,2020,11,342,85,257,0.249,-14.09,-3.36,0,0,0,0,0,0,Georgia
351,190,Kentucky Wesleyan Panthers,"Owensboro, Kentucky",1957,1958,2,52,30,22,0.577,-4.61,-2.27,0,0,0,0,0,0,Kentucky
352,197,Lawrence Vikings,"Appleton, Wisconsin",1948,1948,1,28,22,6,0.786,,,0,0,0,0,0,0,Wisconsin
353,204,Longwood Lancers,"Farmville, Virginia",2008,2020,13,416,140,276,0.337,-15.9,-5.58,0,0,0,0,0,0,Virginia
354,215,Maine Black Bears,"Orono, Maine",1904,2020,76,1831,808,1023,0.441,-12.2,-7.3,0,0,0,0,0,0,Maine
355,224,Maryland-Eastern Shore Hawks,"Princess Anne, Maryland",1974,2020,41,1187,339,848,0.286,-20.01,-9.49,0,1,1,0,0,0,Maryland
356,227,Massachusetts-Lowell River Hawks,"Lowell, Massachusetts",1906,2020,8,228,100,128,0.439,-10.66,-5.64,0,0,0,0,0,0,Massachusetts
357,231,Merchant Marine Academy Mariners,"King's Point, New York",1946,1947,2,39,13,26,0.333,,,0,0,0,0,0,0,New York
358,232,Merrimack Warriors,"North Andover, Massachusetts",2020,2020,1,31,20,11,0.645,-6.93,-6.53,0,0,0,0,0,0,Massachusetts
359,248,Missouri-Kansas City Kangaroos,"Kansas City, Missouri",1990,2020,31,921,391,530,0.425,-6.91,-3.24,0,0,0,0,0,0,Missouri
360,254,Morris Brown Wolverines,"Atlanta, Georgia",2002,2003,2,57,13,44,0.228,-25.82,-6.03,0,0,0,0,0,0,Georgia
361,257,Muhlenburg Mules,"Allentown, Pennsylvania",1901,1963,56,1064,579,484,0.545,-10.33,-4.35,0,3,0,0,0,0,Pennsylvania
362,265,New Hampshire Wildcats,"Durham, New Hampshire",1927,2020,68,1750,604,1146,0.345,-14.7,-7.05,0,1,0,0,0,0,New Hampshire
363,273,NJIT Highlanders,"Newark, New Jersey",2010,2020,11,345,166,179,0.481,-9.48,-6.42,0,1,0,0,0,0,New Jersey
364,275,North Alabama Lions,"Florence, Alabama",2019,2020,2,62,23,39,0.371,-10,-3.76,0,0,0,0,0,0,Alabama
365,289,Northeastern Illinois Golden Eagles,"Chicago, Illinois",1991,1998,8,216,78,138,0.361,-14.9,-6.67,0,0,0,0,0,0,Illinois
366,308,Omaha Mavericks,"Omaha, Nebraska",2013,2020,8,251,122,129,0.486,-5.41,-2.37,0,0,0,0,0,0,Nebraska
367,323,Presbyterian Blue Hose,"Clinton, South Carolina",2011,2020,10,317,108,209,0.341,-13.89,-5.3,0,0,0,0,0,0,South Carolina
368,327,Purdue-Fort Wayne Mastodons,"Fort Wayne, Indiana",2003,2020,18,562,263,299,0.468,-6.04,-2.39,0,1,0,0,0,0,Indiana
369,328,Quinnipiac Bobcats,"Hamden, Connecticut",1999,2020,22,660,314,346,0.476,-8.26,-6.73,0,1,0,0,0,0,Connecticut
370,330,Regis (CO) Rangers,"Denver, Colorado",1962,1964,3,66,37,29,0.561,-4.77,0.04,0,0,0,0,0,0,Colorado
371,339,Rochester (NY) Yellowjackets,"Rochester, New York",1910,1944,7,111,74,37,0.667,,,0,0,0,0,0,0,New York
372,342,Sacramento State Hornets,"Sacramento, California",1992,2020,29,830,259,571,0.312,-12.32,-3.07,0,0,0,0,0,0,California
373,343,Sacred Heart Pioneers,"Fairfield, Connecticut",2000,2020,21,630,244,386,0.387,-10.94,-7,0,0,0,0,0,0,Connecticut
374,357,Savannah State Tigers,"Savannah, Georgia",2003,2019,17,513,189,324,0.368,-16.73,-5.37,0,2,0,0,0,0,Georgia
375,358,Scranton Royals,"Scranton, Pennsylvania",1948,1948,1,27,7,20,0.259,,,0,0,0,0,0,0,Pennsylvania
376,361,Sewanee Tigers,"Sewanee, Tennessee",1923,1941,19,248,48,200,0.194,,,0,0,0,0,0,0,Tennessee
377,366,South Carolina Upstate Spartans,"Spartanburg, South Carolina",2011,2020,10,329,138,191,0.419,-8.82,-4.37,0,0,0,0,0,0,South Carolina
378,367,South Dakota Coyotes,"Vermillion, South Dakota",2011,2020,10,317,162,155,0.511,-4.58,-3.3,0,1,0,0,0,0,South Dakota
379,374,Southern Illinois-Edwardsville Cougars,"Edwardsville, Illinois",2011,2020,10,292,89,203,0.305,-12.88,-4.37,0,0,0,0,0,0,Illinois
380,383,St. Francis (NY) Terriers,"Brooklyn Heights, New York",1902,2020,101,2540,1240,1300,0.488,-11.62,-5.64,0,6,0,0,0,0,New York
381,389,Stetson Hatters,"DeLand, Florida",1972,2020,49,1406,637,769,0.453,-8.28,-4.52,0,0,0,0,0,0,Florida
382,399,Tennessee-Martin Skyhawks,"Martin, Tennessee",1993,2020,28,829,314,515,0.379,-11.14,-4.18,0,1,0,0,0,0,Tennessee
383,407,Texas Wesleyan Rams,"Fort Worth, Texas",1948,1948,1,30,19,11,0.633,,,0,0,0,0,0,0,Texas
384,410,Texas-Rio Grande Valley Vaqueros,"Edinburg, Texas",1969,2020,52,1470,633,837,0.431,-8.34,-3.14,0,0,0,0,0,0,Texas
385,415,Trinity (TX) Tigers,"San Antonio, Texas",1971,1973,3,70,25,45,0.357,-24.37,-5.64,0,0,0,0,0,0,Texas
386,419,U.S. International Gulls,"San Diego, California",1982,1991,10,279,69,210,0.247,-18.06,-5.34,0,0,0,0,0,0,California
387,422,UC-Riverside Highlanders,"Riverside, California",2002,2020,19,567,198,369,0.349,-8.47,-2.06,0,0,0,0,0,0,California
388,429,Utah Valley Wolverines,"Orem, Utah",2010,2020,11,350,184,166,0.526,-6.29,-5.1,0,3,0,0,0,0,Utah
389,430,Utica Pioneers,"Utica, New York",1982,1987,6,158,64,94,0.405,-12.95,-7.35,0,0,0,0,0,0,New York
390,442,Washburn Ichabods,"Topeka, Kansas",1906,1941,35,557,270,283,0.488,,,0,0,0,0,0,0,Kansas
391,443,Washington & Jefferson Presidents,"Washington, Pennsylvania",1913,1944,10,128,73,55,0.57,,,0,0,0,0,0,0,Pennsylvania
392,444,Washington & Lee Generals,"Lexington, Virginia",1907,1959,51,905,472,432,0.522,-15.29,-5.66,0,3,2,0,0,0,Virginia
393,445,Washington (MO) Bears,"St. Louis, Missouri",1905,1960,52,921,433,488,0.47,-5.26,-1.82,0,2,0,0,0,0,Missouri
394,449,Wayne State (MI) Warriors,"Detroit, Michigan",1928,1950,5,104,47,57,0.452,,,0,0,0,0,0,0,Michigan
395,452,West Chester Golden Rams,"West Chester, Pennsylvania",1899,1982,10,244,86,158,0.352,-17.6,-8.15,0,1,0,0,0,0,Pennsylvania
396,457,Western Illinois Leathernecks,"Macomb, Illinois",1982,2020,39,1116,459,657,0.411,-8.62,-3.67,0,2,1,0,0,0,Illinois
397,466,William & Mary Tribe,"Williamsburg, Virginia",1906,2020,115,2668,1254,1414,0.47,-5.38,-2.61,0,3,0,0,0,0,Virginia
398,480,Youngstown State Penguins,"Youngstown, Ohio",1948,2020,40,1165,450,715,0.386,-8.45,-3.21,0,0,0,0,0,0,Ohio
